Date,Round,Match,Home,Away,CompetitionID,MatchID
2026-03-21,39,Swansea City 0-3 Coventry City,Swansea City,Coventry City,bmmk637l2a33h90zlu36kx8no,a00xovp9ppscuea7b6sunqgpg
2026-03-21,39,Watford 0-0 Leicester City,Watford,Leicester City,bmmk637l2a33h90zlu36kx8no,a0eq49slhou38j6axzxwwhbtg
2026-03-21,39,Southampton 2-0 Oxford United,Southampton,Oxford United,bmmk637l2a33h90zlu36kx8no,9zmedp5yp2z41btwxx1zf9a1g
2026-03-21,39,Sheffield United 1-2 Wrexham,Sheffield United,Wrexham,bmmk637l2a33h90zlu36kx8no,9z8s6b5l0ikdyp3b8do4sqhas
2026-03-21,39,Queens Park Rangers 6-1 Portsmouth,Queens Park Rangers,Portsmouth,bmmk637l2a33h90zlu36kx8no,9yuorv52l1n7bah3u5zyj0ums
2026-03-21,39,Hull City 3-1 Sheffield Wednesday,Hull City,Sheffield Wednesday,bmmk637l2a33h90zlu36kx8no,9xl7rk5of4i1xtzeu1z6io4d0
2026-03-21,39,Charlton Athletic 0-1 Norwich City,Charlton Athletic,Norwich City,bmmk637l2a33h90zlu36kx8no,9wt8w6k3qvgsgdlo3z9w3qsk4
2026-03-21,39,Bristol City 0-1 West Bromwich Albion,Bristol City,West Bromwich Albion,bmmk637l2a33h90zlu36kx8no,9wfgn4cehgg2mxp1l3l459u6s
2026-03-21,39,Ipswich Town 1-1 Millwall,Ipswich Town,Millwall,bmmk637l2a33h90zlu36kx8no,9y32criqbtmk9n90f1ss720ic
2026-03-21,39,Derby County 1-0 Birmingham City,Derby County,Birmingham City,bmmk637l2a33h90zlu36kx8no,9x718tnb4upmrztgja8or67f8
2026-03-21,39,Blackburn Rovers 0-0 Middlesbrough,Blackburn Rovers,Middlesbrough,bmmk637l2a33h90zlu36kx8no,9w1qnjj6ajs5xd4jfpxnwyk2c
2026-03-20,39,Preston North End 3-1 Stoke City,Preston North End,Stoke City,bmmk637l2a33h90zlu36kx8no,9yh5qa1a2dvgor1qd59em78r8
2026-03-18,36,Southampton 1-0 Norwich City,Southampton,Norwich City,bmmk637l2a33h90zlu36kx8no,9lleiqdlj598wbcii365rzrpw
2026-03-17,36,Watford 3-1 Wrexham,Watford,Wrexham,bmmk637l2a33h90zlu36kx8no,9mcthqntkmqzqrie8buqttus4
2026-03-16,38,Portsmouth 0-1 Derby County,Portsmouth,Derby County,bmmk637l2a33h90zlu36kx8no,9u5677h8lddhj3ypb5aigfvo4
2026-03-14,38,West Bromwich Albion 3-0 Hull City,West Bromwich Albion,Hull City,bmmk637l2a33h90zlu36kx8no,9va4cogymkxbte6fwq8da07x0
2026-03-14,38,Stoke City 3-1 Watford,Stoke City,Watford,bmmk637l2a33h90zlu36kx8no,9uwecfc2e3im4g0ra5617h05w
2026-03-14,38,Sheffield Wednesday 0-2 Ipswich Town,Sheffield Wednesday,Ipswich Town,bmmk637l2a33h90zlu36kx8no,9uirvg3cibf0wr5rbckaonwus
2026-03-14,38,Norwich City 2-0 Preston North End,Norwich City,Preston North End,bmmk637l2a33h90zlu36kx8no,9td3xz06yy6ygo2m2lkdrntw4
2026-03-14,38,Millwall 1-2 Blackburn Rovers,Millwall,Blackburn Rovers,bmmk637l2a33h90zlu36kx8no,9szine7h3k48o85doe6tb7l78
2026-03-14,38,Leicester City 1-3 Queens Park Rangers,Leicester City,Queens Park Rangers,bmmk637l2a33h90zlu36kx8no,9s65d32fg2ome5y0xi167jm6s
2026-03-14,38,Birmingham City 1-1 Sheffield United,Birmingham City,Sheffield United,bmmk637l2a33h90zlu36kx8no,9rel8kqyr3sc7h307213txs7o
2026-03-14,38,Oxford United 1-1 Charlton Athletic,Oxford United,Charlton Athletic,bmmk637l2a33h90zlu36kx8no,9trezj75r67zf7y18btca5y50
2026-03-14,38,Middlesbrough 1-1 Bristol City,Middlesbrough,Bristol City,bmmk637l2a33h90zlu36kx8no,9sk0fzluzpfxk6xwll4x9lqfo
2026-03-14,38,Coventry City 1-2 Southampton,Coventry City,Southampton,bmmk637l2a33h90zlu36kx8no,9rsbirpe9igqkf8kn65g9z6s4
2026-03-13,38,Wrexham 2-0 Swansea City,Wrexham,Swansea City,bmmk637l2a33h90zlu36kx8no,9vnwrx898iwc9vkbhnqwjdz4k
2026-03-11,37,Coventry City 3-0 Preston North End,Coventry City,Preston North End,bmmk637l2a33h90zlu36kx8no,9pt6qy24ryphm8yh305aojlzo
2026-03-11,37,West Bromwich Albion 1-1 Southampton,West Bromwich Albion,Southampton,bmmk637l2a33h90zlu36kx8no,9r0sdtteaob292eolee9xtbtg
2026-03-11,37,Oxford United 1-0 Blackburn Rovers,Oxford United,Blackburn Rovers,bmmk637l2a33h90zlu36kx8no,9qlz82ghgjnvghl5cw7lyzthw
2026-03-11,37,Middlesbrough 0-1 Charlton Athletic,Middlesbrough,Charlton Athletic,bmmk637l2a33h90zlu36kx8no,9q8b22shq81q7jeov66oehv6c
2026-03-11,37,Norwich City 2-1 Sheffield United,Norwich City,Sheffield United,bmmk637l2a33h90zlu36kx8no,9nx0neyl75grqzb0b9vyhv28k
2026-03-11,37,Birmingham City 1-0 Queens Park Rangers,Birmingham City,Queens Park Rangers,bmmk637l2a33h90zlu36kx8no,9mqen4rekz6htcpsssbuwjaxg
2026-03-10,37,Stoke City 3-3 Ipswich Town,Stoke City,Ipswich Town,bmmk637l2a33h90zlu36kx8no,9p1ljg73g94m0yca50dj40duc
2026-03-10,37,Wrexham 1-2 Hull City,Wrexham,Hull City,bmmk637l2a33h90zlu36kx8no,9pfg2m7t33tka0b622xg4d9n8
2026-03-10,37,Sheffield Wednesday 1-1 Watford,Sheffield Wednesday,Watford,bmmk637l2a33h90zlu36kx8no,9onsktia08o26fswdc5aa5afo
2026-03-10,37,Portsmouth 1-2 Swansea City,Portsmouth,Swansea City,bmmk637l2a33h90zlu36kx8no,9oaemfv2b2xjntzx6bk7lz8d0
2026-03-10,37,Millwall 1-0 Derby County,Millwall,Derby County,bmmk637l2a33h90zlu36kx8no,9nhhf2ut83ctrlt59pmq69fro
2026-03-10,37,Leicester City 2-0 Bristol City,Leicester City,Bristol City,bmmk637l2a33h90zlu36kx8no,9n3y9z0buhe1t5h3im9kd10k4
2026-03-08,36,Queens Park Rangers 0-4 Middlesbrough,Queens Park Rangers,Middlesbrough,bmmk637l2a33h90zlu36kx8no,9ktrg73epcvy2zza6tub49yc4
2026-03-07,36,Swansea City 2-0 Stoke City,Swansea City,Stoke City,bmmk637l2a33h90zlu36kx8no,9lz6ygufuva3arknjc307wkd0
2026-03-07,36,Sheffield United 1-1 West Bromwich Albion,Sheffield United,West Bromwich Albion,bmmk637l2a33h90zlu36kx8no,9l7q0amvqbal4in9mkkxowpp0
2026-03-07,36,Ipswich Town 1-1 Leicester City,Ipswich Town,Leicester City,bmmk637l2a33h90zlu36kx8no,9jm068g6c9bhivgcx7e65e9sk
2026-03-07,36,Derby County 2-1 Sheffield Wednesday,Derby County,Sheffield Wednesday,bmmk637l2a33h90zlu36kx8no,9imrpavh2v0kuyf6ov5m1z3mc
2026-03-07,36,Charlton Athletic 1-0 Birmingham City,Charlton Athletic,Birmingham City,bmmk637l2a33h90zlu36kx8no,9i8u5fvganhn5iu2960f2ya6s
2026-03-07,36,Bristol City 0-2 Coventry City,Bristol City,Coventry City,bmmk637l2a33h90zlu36kx8no,9htc6b4xgmmubjtbg7qoxin10
2026-03-07,36,Hull City 1-3 Millwall,Hull City,Millwall,bmmk637l2a33h90zlu36kx8no,9j0da20zamhc0fy9e06u243ro
2026-03-07,36,Blackburn Rovers 1-1 Portsmouth,Blackburn Rovers,Portsmouth,bmmk637l2a33h90zlu36kx8no,9hfl15bpxz5vl4v03hu56dl3o
2026-03-06,36,Preston North End 1-3 Oxford United,Preston North End,Oxford United,bmmk637l2a33h90zlu36kx8no,9kcapelokfqxtbtz08m42euxg
2026-03-03,32,Ipswich Town 1-0 Hull City,Ipswich Town,Hull City,bmmk637l2a33h90zlu36kx8no,8zsssacogxcx3jqig0ool9edw
2026-03-02,35,Birmingham City 1-3 Middlesbrough,Birmingham City,Middlesbrough,bmmk637l2a33h90zlu36kx8no,9crrvgbyhmnx851e3hufwi51w
2026-02-28,35,Sheffield Wednesday 1-3 Southampton,Sheffield Wednesday,Southampton,bmmk637l2a33h90zlu36kx8no,9h1rx5jbu2yuhzebn0r7l4ro4
2026-02-28,35,Queens Park Rangers 0-2 Sheffield United,Queens Park Rangers,Sheffield United,bmmk637l2a33h90zlu36kx8no,9gnx3n6r3y00ecp0vmq37k4d0
2026-02-28,35,Preston North End 0-2 Millwall,Preston North End,Millwall,bmmk637l2a33h90zlu36kx8no,9ga7ocb8ra9yoqbd89jifwtuc
2026-02-28,35,Oxford United 2-1 West Bromwich Albion,Oxford United,West Bromwich Albion,bmmk637l2a33h90zlu36kx8no,9fidgi0wb4vtbr50831utdclw
2026-02-28,35,Ipswich Town 3-0 Swansea City,Ipswich Town,Swansea City,bmmk637l2a33h90zlu36kx8no,9eqf1bcmkvb1cupsbm0ffil1w
2026-02-28,35,Coventry City 2-1 Stoke City,Coventry City,Stoke City,bmmk637l2a33h90zlu36kx8no,9dytxay6ycaxzprkooh832dxw
2026-02-28,35,Charlton Athletic 0-1 Wrexham,Charlton Athletic,Wrexham,bmmk637l2a33h90zlu36kx8no,9dkmaya17fwskwkuzu2viuuxg
2026-02-28,35,Portsmouth 0-1 Hull City,Portsmouth,Hull City,bmmk637l2a33h90zlu36kx8no,9fw72bub99ko8w7keht4ssums
2026-02-28,35,Leicester City 0-2 Norwich City,Leicester City,Norwich City,bmmk637l2a33h90zlu36kx8no,9f48ktiz27m1gk0cyn9zxk2dw
2026-02-28,35,Derby County 3-1 Blackburn Rovers,Derby County,Blackburn Rovers,bmmk637l2a33h90zlu36kx8no,9ecn2yp12by5gt1eotu05n6l0
2026-02-27,35,Bristol City 1-2 Watford,Bristol City,Watford,bmmk637l2a33h90zlu36kx8no,9d765wsn5auv8glgkueu2i5g4
2026-02-25,34,Stoke City 2-1 Oxford United,Stoke City,Oxford United,bmmk637l2a33h90zlu36kx8no,99b205n26c4gcmg8xl95zavpw
2026-02-25,34,Sheffield United 1-2 Coventry City,Sheffield United,Coventry City,bmmk637l2a33h90zlu36kx8no,9ce3oc4iooh3o87mt3gp9myok
2026-02-25,34,Norwich City 2-0 Sheffield Wednesday,Norwich City,Sheffield Wednesday,bmmk637l2a33h90zlu36kx8no,9c0l65sz3xlqi83k65p81ijv8
2026-02-25,34,Millwall 3-0 Birmingham City,Millwall,Birmingham City,bmmk637l2a33h90zlu36kx8no,9bn1a34l8vvuexmsx6g3g0ems
2026-02-24,34,Southampton 5-0 Queens Park Rangers,Southampton,Queens Park Rangers,bmmk637l2a33h90zlu36kx8no,98x1lqx8fj3kq3hg2ayeo7578
2026-02-24,34,Blackburn Rovers 1-2 Bristol City,Blackburn Rovers,Bristol City,bmmk637l2a33h90zlu36kx8no,9b9dxxcke9a678iw7ppvk4y6s
2026-02-24,34,Wrexham 2-1 Portsmouth,Wrexham,Portsmouth,bmmk637l2a33h90zlu36kx8no,9au8sprmfxloueb9u7ngf9p1w
2026-02-24,34,West Bromwich Albion 1-1 Charlton Athletic,West Bromwich Albion,Charlton Athletic,bmmk637l2a33h90zlu36kx8no,9agi03g1f64kwuixgncnnl6ac
2026-02-24,34,Watford 0-2 Ipswich Town,Watford,Ipswich Town,bmmk637l2a33h90zlu36kx8no,9a2ett8o99kfpltx9f85z0fmc
2026-02-24,34,Swansea City 1-1 Preston North End,Swansea City,Preston North End,bmmk637l2a33h90zlu36kx8no,99oqh494ttxmaimpg5ngistg4
2026-02-24,34,Middlesbrough 1-1 Leicester City,Middlesbrough,Leicester City,bmmk637l2a33h90zlu36kx8no,98it73evox9trkm0eo1chfx1w
2026-02-24,34,Hull City 4-2 Derby County,Hull City,Derby County,bmmk637l2a33h90zlu36kx8no,9845gfbjphq1gam0fme1qog7o
2026-02-22,33,Sheffield United 2-1 Sheffield Wednesday,Sheffield United,Sheffield Wednesday,bmmk637l2a33h90zlu36kx8no,94ywcxh8fqchntu35bqfgqaz8
2026-02-21,33,Wrexham 5-3 Ipswich Town,Wrexham,Ipswich Town,bmmk637l2a33h90zlu36kx8no,97o3x7l039e3j9b2n2wp79mok
2026-02-21,33,Watford 2-0 Derby County,Watford,Derby County,bmmk637l2a33h90zlu36kx8no,96s7ey8k9jdf83zdqt7h4ou1g
2026-02-21,33,Southampton 1-1 Charlton Athletic,Southampton,Charlton Athletic,bmmk637l2a33h90zlu36kx8no,95fp0o5znfaqmp0ylbocoavis
2026-02-21,33,Norwich City 1-2 Birmingham City,Norwich City,Birmingham City,bmmk637l2a33h90zlu36kx8no,94i6wmdf89v5f8iwiiblrv47o
2026-02-21,33,Millwall 1-3 Portsmouth,Millwall,Portsmouth,bmmk637l2a33h90zlu36kx8no,941mdah5a3n2ij19syprsayok
2026-02-21,33,Middlesbrough 0-0 Oxford United,Middlesbrough,Oxford United,bmmk637l2a33h90zlu36kx8no,93mgn351r81yjz9hbeb7e61as
2026-02-21,33,West Bromwich Albion 0-2 Coventry City,West Bromwich Albion,Coventry City,bmmk637l2a33h90zlu36kx8no,978xp0o615mqafvq7v4x5iy38
2026-02-21,33,Swansea City 1-0 Bristol City,Swansea City,Bristol City,bmmk637l2a33h90zlu36kx8no,96d39fke3j3flr5bgir3wesyc
2026-02-21,33,Stoke City 2-2 Leicester City,Stoke City,Leicester City,bmmk637l2a33h90zlu36kx8no,95wf8rz32vyffs3pey2w92sk4
2026-02-21,33,Hull City 1-3 Queens Park Rangers,Hull City,Queens Park Rangers,bmmk637l2a33h90zlu36kx8no,935nfq775z3j0nuld349pzims
2026-02-20,33,Blackburn Rovers 1-0 Preston North End,Blackburn Rovers,Preston North End,bmmk637l2a33h90zlu36kx8no,92p2r3juchrrk7dlqxdi1n8yc
2026-02-17,32,Bristol City 2-2 Wrexham,Bristol City,Wrexham,bmmk637l2a33h90zlu36kx8no,8y7oy3dotc88oeg5ehvg1vw9g
2026-02-17,19,Charlton Athletic 1-3 Portsmouth,Charlton Athletic,Portsmouth,bmmk637l2a33h90zlu36kx8no,76mn6s56jtb3n2z8hfo9k1no4
2026-02-16,32,Coventry City 3-1 Middlesbrough,Coventry City,Middlesbrough,bmmk637l2a33h90zlu36kx8no,8z03io3g443y73gwxbxk66590
2026-02-14,32,Sheffield Wednesday 1-2 Millwall,Sheffield Wednesday,Millwall,bmmk637l2a33h90zlu36kx8no,927vw6lxdkixl5wuxgtsw2o0k
2026-02-14,32,Queens Park Rangers 1-3 Blackburn Rovers,Queens Park Rangers,Blackburn Rovers,bmmk637l2a33h90zlu36kx8no,91sjb77nnevtyxt9m6r7k0qhg
2026-02-14,32,Preston North End 2-2 Watford,Preston North End,Watford,bmmk637l2a33h90zlu36kx8no,91ethh7ju608fz0blxcr9m7tg
2026-02-14,32,Portsmouth 0-1 Sheffield United,Portsmouth,Sheffield United,bmmk637l2a33h90zlu36kx8no,90zg6kyndny6scxxneywv07pw
2026-02-14,32,Derby County 2-0 Swansea City,Derby County,Swansea City,bmmk637l2a33h90zlu36kx8no,8zdn7milerljwf3hib31c54ic
2026-02-11,32,Charlton Athletic 1-0 Stoke City,Charlton Athletic,Stoke City,bmmk637l2a33h90zlu36kx8no,8ymcrad968nzeelefb81rw650
2026-02-10,32,Birmingham City 0-0 West Bromwich Albion,Birmingham City,West Bromwich Albion,bmmk637l2a33h90zlu36kx8no,8xu0i0cg43nzb684vj3mugoic
2026-02-10,32,Oxford United 0-3 Norwich City,Oxford United,Norwich City,bmmk637l2a33h90zlu36kx8no,90k3bvn1v5cmnau2ii8xhgrv8
2026-02-10,32,Leicester City 3-4 Southampton,Leicester City,Southampton,bmmk637l2a33h90zlu36kx8no,906eva1jcabp9llzvvtfzantg
2026-02-09,31,Sheffield United 1-2 Middlesbrough,Sheffield United,Middlesbrough,bmmk637l2a33h90zlu36kx8no,8vte8hhy5jmb0vf21maguj09g
2026-02-08,31,Swansea City 4-0 Sheffield Wednesday,Swansea City,Sheffield Wednesday,bmmk637l2a33h90zlu36kx8no,8wkraawpi1fbu0pxkft5fdg5w
2026-02-07,31,Wrexham 0-2 Millwall,Wrexham,Millwall,bmmk637l2a33h90zlu36kx8no,8xgafhwz7ei7ho8ehr9cd51xw
2026-02-07,31,West Bromwich Albion 0-0 Stoke City,West Bromwich Albion,Stoke City,bmmk637l2a33h90zlu36kx8no,8wzwwomday292q15ic9pobdp0
2026-02-07,31,Preston North End 1-0 Portsmouth,Preston North End,Portsmouth,bmmk637l2a33h90zlu36kx8no,8vfunc9vixvh0565omyb9n3f8
2026-02-07,31,Hull City 2-3 Bristol City,Hull City,Bristol City,bmmk637l2a33h90zlu36kx8no,8uek2n85wzmwgveyjdzeo36z8
2026-02-07,31,Coventry City 0-0 Oxford United,Coventry City,Oxford United,bmmk637l2a33h90zlu36kx8no,8tke8daxfty5owi9duyuwp0d0
2026-02-07,31,Birmingham City 2-1 Leicester City,Birmingham City,Leicester City,bmmk637l2a33h90zlu36kx8no,8stchsaf4387dp52pnm8ay1hw
2026-02-07,31,Southampton 1-0 Watford,Southampton,Watford,bmmk637l2a33h90zlu36kx8no,8w711fykhwfevy4dl8bjtm0pg
2026-02-07,31,Norwich City 2-0 Blackburn Rovers,Norwich City,Blackburn Rovers,bmmk637l2a33h90zlu36kx8no,8uwtbar7wcyek6h8l4zf8b5sk
2026-02-07,31,Derby County 1-2 Ipswich Town,Derby County,Ipswich Town,bmmk637l2a33h90zlu36kx8no,8txznfephvwqmouwbfiaieadw
2026-02-06,31,Charlton Athletic 0-0 Queens Park Rangers,Charlton Athletic,Queens Park Rangers,bmmk637l2a33h90zlu36kx8no,8t6x9rj8790nldrih6xgc6784
2026-02-03,26,Sheffield United 3-1 Oxford United,Sheffield United,Oxford United,bmmk637l2a33h90zlu36kx8no,87znqew9fwd9awmmtmhwzj8r8
2026-02-03,26,Hull City 0-0 Watford,Hull City,Watford,bmmk637l2a33h90zlu36kx8no,851vmgengu3wp78j15qq8se1g
2026-02-03,19,Blackburn Rovers 1-0 Sheffield Wednesday,Blackburn Rovers,Sheffield Wednesday,bmmk637l2a33h90zlu36kx8no,75vjfuqrbq3c1hc7dik9wa0pg
2026-01-31,30,Watford 0-2 Swansea City,Watford,Swansea City,bmmk637l2a33h90zlu36kx8no,8sfopikmoxlyw7mxga4xaritw
2026-01-31,30,Queens Park Rangers 2-1 Coventry City,Queens Park Rangers,Coventry City,bmmk637l2a33h90zlu36kx8no,8r7982itfmsk0y1r7drdkrztg
2026-01-31,30,Portsmouth 3-0 West Bromwich Albion,Portsmouth,West Bromwich Albion,bmmk637l2a33h90zlu36kx8no,8qtnhi9n1wd5tv2pnszvv5xxw
2026-01-31,30,Oxford United 0-2 Birmingham City,Oxford United,Birmingham City,bmmk637l2a33h90zlu36kx8no,8qfh6aiu5dt88khh1ts8iwro4
2026-01-31,30,Millwall 1-1 Sheffield United,Millwall,Sheffield United,bmmk637l2a33h90zlu36kx8no,8q1w79kytd0zufi8kb5get0k4
2026-01-31,30,Middlesbrough 1-0 Norwich City,Middlesbrough,Norwich City,bmmk637l2a33h90zlu36kx8no,8po979myr3ttbizkgjv5mwdg4
2026-01-31,30,Ipswich Town 1-1 Preston North End,Ipswich Town,Preston North End,bmmk637l2a33h90zlu36kx8no,8owp36ojzcckdx0ve8jnd7z10
2026-01-31,30,Blackburn Rovers 0-1 Hull City,Blackburn Rovers,Hull City,bmmk637l2a33h90zlu36kx8no,8o5m6ztc80epzd42vcok4fdhw
2026-01-31,30,Stoke City 0-2 Southampton,Stoke City,Southampton,bmmk637l2a33h90zlu36kx8no,8s23yoxob7eqkmd1ali7q6eqc
2026-01-31,30,Sheffield Wednesday 0-1 Wrexham,Sheffield Wednesday,Wrexham,bmmk637l2a33h90zlu36kx8no,8rl1wnz76cc2xfy2k5w5k9gyc
2026-01-31,30,Leicester City 0-2 Charlton Athletic,Leicester City,Charlton Athletic,bmmk637l2a33h90zlu36kx8no,8paefgqlpsj487vkdok9p1gd0
2026-01-30,30,Bristol City 0-5 Derby County,Bristol City,Derby County,bmmk637l2a33h90zlu36kx8no,8oj46tjl4wblawm7op40nm7f8
2026-01-26,29,Norwich City 2-1 Coventry City,Norwich City,Coventry City,bmmk637l2a33h90zlu36kx8no,8lsggikxs7p9zudkr28h5hw5w
2026-01-25,29,Portsmouth 1-1 Southampton,Portsmouth,Southampton,bmmk637l2a33h90zlu36kx8no,8mofq3s8kls0a3q62fs1wiz2s
2026-01-24,29,Sheffield United 3-1 Ipswich Town,Sheffield United,Ipswich Town,bmmk637l2a33h90zlu36kx8no,8nrjm8s4k4mpgt53j6t94328k
2026-01-24,29,Queens Park Rangers 2-3 Wrexham,Queens Park Rangers,Wrexham,bmmk637l2a33h90zlu36kx8no,8n7lc7eupj2car3kaq2xm5uz8
2026-01-24,29,Leicester City 1-2 Oxford United,Leicester City,Oxford United,bmmk637l2a33h90zlu36kx8no,8k5yd7t6w8y0dkbx0nw6h0opg
2026-01-24,29,Hull City 2-1 Swansea City,Hull City,Swansea City,bmmk637l2a33h90zlu36kx8no,8jsdjgcb9rn7ff3cgr0add9g4
2026-01-24,29,Bristol City 2-0 Sheffield Wednesday,Bristol City,Sheffield Wednesday,bmmk637l2a33h90zlu36kx8no,8j1cfbs8lzryikq7xw220d5p0
2026-01-24,29,Blackburn Rovers 1-1 Watford,Blackburn Rovers,Watford,bmmk637l2a33h90zlu36kx8no,8ijh4j3ceuss36o2grfmcd9n8
2026-01-24,29,Birmingham City 1-1 Stoke City,Birmingham City,Stoke City,bmmk637l2a33h90zlu36kx8no,8i0umeqo0kkqefq2tznm6gglw
2026-01-24,29,Millwall 4-0 Charlton Athletic,Millwall,Charlton Athletic,bmmk637l2a33h90zlu36kx8no,8lavu50zc6rxmgu493h8gkr2s
2026-01-24,29,Middlesbrough 4-0 Preston North End,Middlesbrough,Preston North End,bmmk637l2a33h90zlu36kx8no,8kqyuvctodnu73w81pwgv845w
2026-01-23,29,Derby County 1-1 West Bromwich Albion,Derby County,West Bromwich Albion,bmmk637l2a33h90zlu36kx8no,8jeyvfg4jimn5lmrx31b73j10
2026-01-21,28,Stoke City 1-2 Middlesbrough,Stoke City,Middlesbrough,bmmk637l2a33h90zlu36kx8no,8h03pz4aigy0pn4ky3qsvclck
2026-01-21,28,Watford 1-1 Portsmouth,Watford,Portsmouth,bmmk637l2a33h90zlu36kx8no,8hlli3zuh2q05utzcjmkca8lw
2026-01-21,28,Southampton 1-0 Sheffield United,Southampton,Sheffield United,bmmk637l2a33h90zlu36kx8no,8gmfrco5gwvxkyh5xgjugob2s
2026-01-20,28,Wrexham 1-1 Leicester City,Wrexham,Leicester City,bmmk637l2a33h90zlu36kx8no,8foqlt2i3g69ifjndpum6hyc4
2026-01-20,28,Charlton Athletic 1-2 Derby County,Charlton Athletic,Derby County,bmmk637l2a33h90zlu36kx8no,8g47f8jf2i5tz1dlqmkf80jdg
2026-01-20,28,West Bromwich Albion 0-5 Norwich City,West Bromwich Albion,Norwich City,bmmk637l2a33h90zlu36kx8no,8fbb2r6q3cc1ovvub3g0wkxec
2026-01-20,28,Swansea City 3-1 Blackburn Rovers,Swansea City,Blackburn Rovers,bmmk637l2a33h90zlu36kx8no,8exja18cxxujbnfynp1myjn6c
2026-01-20,28,Sheffield Wednesday 0-2 Birmingham City,Sheffield Wednesday,Birmingham City,bmmk637l2a33h90zlu36kx8no,8ejw5qdqhuur66pcvmjpf0w7o
2026-01-20,28,Preston North End 0-3 Hull City,Preston North End,Hull City,bmmk637l2a33h90zlu36kx8no,8e699ljxuatpzifegdnsqozys
2026-01-20,28,Oxford United 0-0 Queens Park Rangers,Oxford United,Queens Park Rangers,bmmk637l2a33h90zlu36kx8no,8dsmlwzo9epglojn61iac68t0
2026-01-20,28,Ipswich Town 2-0 Bristol City,Ipswich Town,Bristol City,bmmk637l2a33h90zlu36kx8no,8dewfm7usi7r63c17m41dzeok
2026-01-20,28,Coventry City 2-1 Millwall,Coventry City,Millwall,bmmk637l2a33h90zlu36kx8no,8d16w1i4otpnf1fop41j8ztw4
2026-01-17,27,Swansea City 1-1 Birmingham City,Swansea City,Birmingham City,bmmk637l2a33h90zlu36kx8no,8bgjyug3yzrkk582a15se7ok4
2026-01-17,27,Wrexham 1-2 Norwich City,Wrexham,Norwich City,bmmk637l2a33h90zlu36kx8no,8cn6vmrj0d0zvejaofcfmruok
2026-01-17,27,Stoke City 0-0 Queens Park Rangers,Stoke City,Queens Park Rangers,bmmk637l2a33h90zlu36kx8no,8b2szp7f1yd1z8mffz9g4gff8
2026-01-17,27,Southampton 1-2 Hull City,Southampton,Hull City,bmmk637l2a33h90zlu36kx8no,8anb2drde215gux28kw3fpvdg
2026-01-17,27,Sheffield Wednesday 0-1 Portsmouth,Sheffield Wednesday,Portsmouth,bmmk637l2a33h90zlu36kx8no,8a9ltzo965fl1agvkzj8bozro
2026-01-17,27,Preston North End 0-1 Derby County,Preston North End,Derby County,bmmk637l2a33h90zlu36kx8no,89vuxfoaf5jtjzyfkw1y3s5jo
2026-01-17,27,Oxford United 0-0 Bristol City,Oxford United,Bristol City,bmmk637l2a33h90zlu36kx8no,89ibpnlji1md95ywq5cybxtec
2026-01-17,27,Charlton Athletic 1-0 Sheffield United,Charlton Athletic,Sheffield United,bmmk637l2a33h90zlu36kx8no,88d84udmhrncra8s215ek0xlg
2026-01-17,27,Watford 0-2 Millwall,Watford,Millwall,bmmk637l2a33h90zlu36kx8no,8bu74flkpnm5zh738brqjkowk
2026-01-17,27,Ipswich Town 3-0 Blackburn Rovers,Ipswich Town,Blackburn Rovers,bmmk637l2a33h90zlu36kx8no,894n7h14cjl6qahytjke9785w
2026-01-17,27,Coventry City 2-1 Leicester City,Coventry City,Leicester City,bmmk637l2a33h90zlu36kx8no,88qxujpt7bodhqrc62glhfms4
2026-01-16,27,West Bromwich Albion 2-3 Middlesbrough,West Bromwich Albion,Middlesbrough,bmmk637l2a33h90zlu36kx8no,8c9gg8gx20w98q1jx24lytrf8
2026-01-05,26,Leicester City 2-1 West Bromwich Albion,Leicester City,West Bromwich Albion,bmmk637l2a33h90zlu36kx8no,85gq4yijvu0eiz279uqj4cl5g
2026-01-04,26,Norwich City 0-2 Stoke City,Norwich City,Stoke City,bmmk637l2a33h90zlu36kx8no,86uix8lu32rr4j54xhjap7bbo
2026-01-04,26,Millwall 2-1 Swansea City,Millwall,Swansea City,bmmk637l2a33h90zlu36kx8no,86fttz3jot1dppn804pe129lg
2026-01-04,26,Middlesbrough 4-0 Southampton,Middlesbrough,Southampton,bmmk637l2a33h90zlu36kx8no,8610linn7c0oi90f0mxizezh0
2026-01-04,26,Derby County 1-2 Wrexham,Derby County,Wrexham,bmmk637l2a33h90zlu36kx8no,849h5tkyf98k8vhbaoxfusf84
2026-01-04,26,Bristol City 0-2 Preston North End,Bristol City,Preston North End,bmmk637l2a33h90zlu36kx8no,83r19trr8wnmto3nubvgv4owk
2026-01-04,26,Blackburn Rovers 2-2 Charlton Athletic,Blackburn Rovers,Charlton Athletic,bmmk637l2a33h90zlu36kx8no,83cqyd1jitqixwxycpyc2vjf8
2026-01-04,26,Queens Park Rangers 3-0 Sheffield Wednesday,Queens Park Rangers,Sheffield Wednesday,bmmk637l2a33h90zlu36kx8no,87m3l77beosde53lmuytpw3dg
2026-01-04,26,Birmingham City 3-2 Coventry City,Birmingham City,Coventry City,bmmk637l2a33h90zlu36kx8no,82z3exgket84vyy6rjfli1udw
2026-01-01,25,Sheffield United 3-1 Leicester City,Sheffield United,Leicester City,bmmk637l2a33h90zlu36kx8no,81g9p4ept3fcs8v7sq4u7y9zo
2026-01-01,25,Watford 3-0 Birmingham City,Watford,Birmingham City,bmmk637l2a33h90zlu36kx8no,82lmjcibsfu4nrqeisk5dcufo
2026-01-01,25,Swansea City 1-0 West Bromwich Albion,Swansea City,West Bromwich Albion,bmmk637l2a33h90zlu36kx8no,827w3el1do86fhjculcy0e1as
2026-01-01,25,Southampton 0-0 Millwall,Southampton,Millwall,bmmk637l2a33h90zlu36kx8no,81udvs27buqi7z2eq7clxe51w
2026-01-01,25,Queens Park Rangers 1-2 Norwich City,Queens Park Rangers,Norwich City,bmmk637l2a33h90zlu36kx8no,812m97kfk14027s4hm8pjjeac
2026-01-01,25,Preston North End 3-0 Sheffield Wednesday,Preston North End,Sheffield Wednesday,bmmk637l2a33h90zlu36kx8no,80p61mz4lgkesf40v0t0tvx1w
2026-01-01,25,Ipswich Town 2-1 Oxford United,Ipswich Town,Oxford United,bmmk637l2a33h90zlu36kx8no,80bm4fbxlv2fcwx2hp2elwmc4
2026-01-01,25,Hull City 0-1 Stoke City,Hull City,Stoke City,bmmk637l2a33h90zlu36kx8no,7zw865zcwbw8556xl2bz877kk
2026-01-01,25,Derby County 1-0 Middlesbrough,Derby County,Middlesbrough,bmmk637l2a33h90zlu36kx8no,7zikd5t35zi3i0p484sdl9444
2026-01-01,25,Charlton Athletic 1-1 Coventry City,Charlton Athletic,Coventry City,bmmk637l2a33h90zlu36kx8no,7z4urzwrwpe1360g9tagln3f8
2026-01-01,25,Bristol City 5-0 Portsmouth,Bristol City,Portsmouth,bmmk637l2a33h90zlu36kx8no,7yr9f3wcmg4vije4nwjv7wrh0
2026-01-01,25,Blackburn Rovers 0-2 Wrexham,Blackburn Rovers,Wrexham,bmmk637l2a33h90zlu36kx8no,7ydmspf8t69pvy7cdyg156az8
2025-12-29,24,Birmingham City 1-1 Southampton,Birmingham City,Southampton,bmmk637l2a33h90zlu36kx8no,7tsdavbh6wva8jj1kujegnyfo
2025-12-29,24,Wrexham 2-1 Preston North End,Wrexham,Preston North End,bmmk637l2a33h90zlu36kx8no,7xzjr5hjyax7kcmlj67qc53pw
2025-12-29,24,West Bromwich Albion 2-1 Queens Park Rangers,West Bromwich Albion,Queens Park Rangers,bmmk637l2a33h90zlu36kx8no,7xm0tpbb2k282ual72v9deln8
2025-12-29,24,Stoke City 1-2 Sheffield United,Stoke City,Sheffield United,bmmk637l2a33h90zlu36kx8no,7x8hl5ab5j4wzzj93xnl0exp0
2025-12-29,24,Sheffield Wednesday 0-0 Blackburn Rovers,Sheffield Wednesday,Blackburn Rovers,bmmk637l2a33h90zlu36kx8no,7wuuui92r03yfq2gxv1v8nz84
2025-12-29,24,Portsmouth 2-1 Charlton Athletic,Portsmouth,Charlton Athletic,bmmk637l2a33h90zlu36kx8no,7wh7rk9gx17hrn1oa1g1nn28k
2025-12-29,24,Oxford United 0-1 Swansea City,Oxford United,Swansea City,bmmk637l2a33h90zlu36kx8no,7w3iazq5uofrc11xxych4behg
2025-12-29,24,Norwich City 0-1 Watford,Norwich City,Watford,bmmk637l2a33h90zlu36kx8no,7vpykyop81suzdn40tf9egvmc
2025-12-29,24,Millwall 2-1 Bristol City,Millwall,Bristol City,bmmk637l2a33h90zlu36kx8no,7vceyrhcucpuv78at6ie3vbbo
2025-12-29,24,Middlesbrough 0-1 Hull City,Middlesbrough,Hull City,bmmk637l2a33h90zlu36kx8no,7uxcqxtk51du9d6eiaqx37w9g
2025-12-29,24,Leicester City 2-1 Derby County,Leicester City,Derby County,bmmk637l2a33h90zlu36kx8no,7ujpfj526hd6r6oidwa0o9wr8
2025-12-29,24,Coventry City 0-2 Ipswich Town,Coventry City,Ipswich Town,bmmk637l2a33h90zlu36kx8no,7u5yt8hf5bbdvpc6yfd5wtc0k
2025-12-26,23,Wrexham 5-3 Sheffield United,Wrexham,Sheffield United,bmmk637l2a33h90zlu36kx8no,7tepcruz0wha5kykzj4swuhw4
2025-12-26,23,West Bromwich Albion 1-2 Bristol City,West Bromwich Albion,Bristol City,bmmk637l2a33h90zlu36kx8no,7t11sllu2qlafdfp4yhff79ck
2025-12-26,23,Stoke City 0-0 Preston North End,Stoke City,Preston North End,bmmk637l2a33h90zlu36kx8no,7sni5xjo33vafqcf4cfm2aihg
2025-12-26,23,Sheffield Wednesday 2-2 Hull City,Sheffield Wednesday,Hull City,bmmk637l2a33h90zlu36kx8no,7s9t5p9p4rmrgbtfnqmfjeivo
2025-12-26,23,Portsmouth 1-1 Queens Park Rangers,Portsmouth,Queens Park Rangers,bmmk637l2a33h90zlu36kx8no,7rw93nikcu2dtws50xthewbv8
2025-12-26,23,Oxford United 2-1 Southampton,Oxford United,Southampton,bmmk637l2a33h90zlu36kx8no,7rigqqec7oh86v68zdsnmwlck
2025-12-26,23,Norwich City 1-0 Charlton Athletic,Norwich City,Charlton Athletic,bmmk637l2a33h90zlu36kx8no,7r4dacm1jwd9cpw8l2uy1cmj8
2025-12-26,23,Middlesbrough 0-0 Blackburn Rovers,Middlesbrough,Blackburn Rovers,bmmk637l2a33h90zlu36kx8no,7qd8569kysq5aw11auf6izcwk
2025-12-26,23,Leicester City 1-2 Watford,Leicester City,Watford,bmmk637l2a33h90zlu36kx8no,7pxrpl0hu4sny9odezjtmvhuc
2025-12-26,23,Coventry City 1-0 Swansea City,Coventry City,Swansea City,bmmk637l2a33h90zlu36kx8no,7pj89v1bd82gtle6vzzoglmok
2025-12-26,23,Millwall 0-0 Ipswich Town,Millwall,Ipswich Town,bmmk637l2a33h90zlu36kx8no,7qqtc001fr36kzz33emu6w6c4
2025-12-26,23,Birmingham City 1-1 Derby County,Birmingham City,Derby County,bmmk637l2a33h90zlu36kx8no,7p5ktllu1g6akmfm0m9fayuqc
2025-12-20,22,Watford 1-0 Stoke City,Watford,Stoke City,bmmk637l2a33h90zlu36kx8no,7os0nupklqbm3ia68ovmwewwk
2025-12-20,22,Sheffield United 3-0 Birmingham City,Sheffield United,Birmingham City,bmmk637l2a33h90zlu36kx8no,7nmxqwxx55bpnmoegim04adck
2025-12-20,22,Queens Park Rangers 4-1 Leicester City,Queens Park Rangers,Leicester City,bmmk637l2a33h90zlu36kx8no,7n9ad9lw39d4kryt2fk64pv6c
2025-12-20,22,Ipswich Town 3-1 Sheffield Wednesday,Ipswich Town,Sheffield Wednesday,bmmk637l2a33h90zlu36kx8no,7mf05s9xfd3qhni8pnoie1o2c
2025-12-20,22,Hull City 1-0 West Bromwich Albion,Hull City,West Bromwich Albion,bmmk637l2a33h90zlu36kx8no,7m178tbvghhnig8kbtnrrgl5g
2025-12-20,22,Derby County 1-1 Portsmouth,Derby County,Portsmouth,bmmk637l2a33h90zlu36kx8no,7lnnqknmwv850ipne26r1b76c
2025-12-20,22,Charlton Athletic 1-0 Oxford United,Charlton Athletic,Oxford United,bmmk637l2a33h90zlu36kx8no,7l9984k21awn319gw3onj2l1w
2025-12-20,22,Bristol City 2-0 Middlesbrough,Bristol City,Middlesbrough,bmmk637l2a33h90zlu36kx8no,7ktudlu6hzhcpaypqsznydatw
2025-12-20,22,Southampton 1-1 Coventry City,Southampton,Coventry City,bmmk637l2a33h90zlu36kx8no,7o0o61ujx6x9iree34ythu13o
2025-12-20,22,Preston North End 1-1 Norwich City,Preston North End,Norwich City,bmmk637l2a33h90zlu36kx8no,7msjhio3nl8yw3u7ofr0ga7tg
2025-12-20,22,Blackburn Rovers 2-0 Millwall,Blackburn Rovers,Millwall,bmmk637l2a33h90zlu36kx8no,7kgao5hsylc7jdyfjodjbtbf8
2025-12-19,22,Swansea City 2-1 Wrexham,Swansea City,Wrexham,bmmk637l2a33h90zlu36kx8no,7oedwbvtpzg1fybhx6l3ij9qs
2025-12-15,21,Sheffield Wednesday 0-3 Derby County,Sheffield Wednesday,Derby County,bmmk637l2a33h90zlu36kx8no,7ixo3tmv941tzhclz04h44dn8
2025-12-13,21,Wrexham 2-2 Watford,Wrexham,Watford,bmmk637l2a33h90zlu36kx8no,7k2sj89n32tr9du7c40qlp5p0
2025-12-13,21,Portsmouth 2-1 Blackburn Rovers,Portsmouth,Blackburn Rovers,bmmk637l2a33h90zlu36kx8no,7ik4yxold2ea67067t5xmwmxg
2025-12-13,21,Millwall 1-3 Hull City,Millwall,Hull City,bmmk637l2a33h90zlu36kx8no,7h0bt4zb4jnj9efrz9om3pces
2025-12-13,21,Middlesbrough 3-1 Queens Park Rangers,Middlesbrough,Queens Park Rangers,bmmk637l2a33h90zlu36kx8no,7gik2w22irmvjvtu0hi415wr8
2025-12-13,21,Leicester City 3-1 Ipswich Town,Leicester City,Ipswich Town,bmmk637l2a33h90zlu36kx8no,7g4fuwtnjnunqj5ixrsa1k00k
2025-12-13,21,Coventry City 1-0 Bristol City,Coventry City,Bristol City,bmmk637l2a33h90zlu36kx8no,7fm0co12baa6nx5fixln0hixg
2025-12-13,21,Birmingham City 1-1 Charlton Athletic,Birmingham City,Charlton Athletic,bmmk637l2a33h90zlu36kx8no,7f2uxemnzkvtpt84cecdlthck
2025-12-13,21,Stoke City 2-1 Swansea City,Stoke City,Swansea City,bmmk637l2a33h90zlu36kx8no,7jbo50yridjgv0n5plja5nkt0
2025-12-13,21,Oxford United 1-2 Preston North End,Oxford United,Preston North End,bmmk637l2a33h90zlu36kx8no,7hyczo2g15l2wconnb3xw27f8
2025-12-13,21,Norwich City 2-1 Southampton,Norwich City,Southampton,bmmk637l2a33h90zlu36kx8no,7hhu1lqv21rl172r0vtqfpgd0
2025-12-12,21,West Bromwich Albion 2-0 Sheffield United,West Bromwich Albion,Sheffield United,bmmk637l2a33h90zlu36kx8no,7jp9epyywjrkk62hyd80zz4t0
2025-12-10,20,Hull City 2-0 Wrexham,Hull City,Wrexham,bmmk637l2a33h90zlu36kx8no,7eatgr8in02x14yauq9by7f2s
2025-12-10,20,Ipswich Town 1-0 Stoke City,Ipswich Town,Stoke City,bmmk637l2a33h90zlu36kx8no,7ep3ttkokltelxz83tqk56xw4
2025-12-10,20,Derby County 1-1 Millwall,Derby County,Millwall,bmmk637l2a33h90zlu36kx8no,7dx0s9u2wjzuyjbiktd19r9jo
2025-12-10,20,Bristol City 2-2 Leicester City,Bristol City,Leicester City,bmmk637l2a33h90zlu36kx8no,7dj4gcyvllvsproc0of19bzmc
2025-12-09,20,Queens Park Rangers 2-1 Birmingham City,Queens Park Rangers,Birmingham City,bmmk637l2a33h90zlu36kx8no,7bn0hp22sj8pwmi9cvjb8awb8
2025-12-09,20,Watford 1-1 Sheffield Wednesday,Watford,Sheffield Wednesday,bmmk637l2a33h90zlu36kx8no,7d5i57w8ilre4syjphv9u9rmc
2025-12-09,20,Swansea City 1-0 Portsmouth,Swansea City,Portsmouth,bmmk637l2a33h90zlu36kx8no,7cruk1sn2ykbheo8mmalfgis4
2025-12-09,20,Southampton 3-2 West Bromwich Albion,Southampton,West Bromwich Albion,bmmk637l2a33h90zlu36kx8no,7cebyrgezl3tooxgw8e1kou1g
2025-12-09,20,Sheffield United 1-1 Norwich City,Sheffield United,Norwich City,bmmk637l2a33h90zlu36kx8no,7c0pzbsc4xybyb7cpg9xre68k
2025-12-09,20,Preston North End 1-1 Coventry City,Preston North End,Coventry City,bmmk637l2a33h90zlu36kx8no,7b97p1nosd8d3v2v4ux87htec
2025-12-09,20,Charlton Athletic 1-2 Middlesbrough,Charlton Athletic,Middlesbrough,bmmk637l2a33h90zlu36kx8no,7avbh7swdolocho094s8mnytw
2025-12-09,20,Blackburn Rovers 1-1 Oxford United,Blackburn Rovers,Oxford United,bmmk637l2a33h90zlu36kx8no,7ahc4cs3a1q5ef6a7ggan8ahg
2025-12-06,19,Swansea City 2-0 Oxford United,Swansea City,Oxford United,bmmk637l2a33h90zlu36kx8no,79oeugg8ro2227rcxeoto5rf8
2025-12-06,19,Southampton 3-1 Birmingham City,Southampton,Birmingham City,bmmk637l2a33h90zlu36kx8no,79aiaumpt37y8qvfz9c34ws2c
2025-12-06,19,Sheffield United 4-0 Stoke City,Sheffield United,Stoke City,bmmk637l2a33h90zlu36kx8no,78wu8b58m6kc4749tl5o462hg
2025-12-06,19,Queens Park Rangers 3-1 West Bromwich Albion,Queens Park Rangers,West Bromwich Albion,bmmk637l2a33h90zlu36kx8no,78j11hd6qu4hprezvwzp0uas4
2025-12-06,19,Preston North End 1-1 Wrexham,Preston North End,Wrexham,bmmk637l2a33h90zlu36kx8no,785k6g1mkw7p35wik03ml60pg
2025-12-06,19,Ipswich Town 3-0 Coventry City,Ipswich Town,Coventry City,bmmk637l2a33h90zlu36kx8no,77rvt1gby47tkxvfaipzmeolw
2025-12-06,19,Bristol City 0-1 Millwall,Bristol City,Millwall,bmmk637l2a33h90zlu36kx8no,7690xp3y8cfnldq8f1ov1x250
2025-12-06,19,Watford 3-2 Norwich City,Watford,Norwich City,bmmk637l2a33h90zlu36kx8no,7a1z40bwch1spar0rhtldqsyc
2025-12-06,19,Derby County 1-3 Leicester City,Derby County,Leicester City,bmmk637l2a33h90zlu36kx8no,7709o9it7anxtzre87szthpuc
2025-12-05,19,Hull City 1-4 Middlesbrough,Hull City,Middlesbrough,bmmk637l2a33h90zlu36kx8no,77dux2itlafpx85e5pqkrmmfo
2025-12-02,6,Blackburn Rovers 1-1 Ipswich Town,Blackburn Rovers,Ipswich Town,bmmk637l2a33h90zlu36kx8no,5fhs4vfhni2nvo6h5zthbpul0
2025-12-01,18,Birmingham City 2-1 Watford,Birmingham City,Watford,bmmk637l2a33h90zlu36kx8no,7196l992fbcu02qjk9xtgp15g
2025-11-29,18,Wrexham 1-1 Blackburn Rovers,Wrexham,Blackburn Rovers,bmmk637l2a33h90zlu36kx8no,75i04ks1nidoh8lsw1i1c8q38
2025-11-29,18,West Bromwich Albion 3-2 Swansea City,West Bromwich Albion,Swansea City,bmmk637l2a33h90zlu36kx8no,752g3x713v10e9sve6j2jxic4
2025-11-29,18,Sheffield Wednesday 2-3 Preston North End,Sheffield Wednesday,Preston North End,bmmk637l2a33h90zlu36kx8no,74ap0egy5bin4uvi3qfftg4yc
2025-11-29,18,Norwich City 3-1 Queens Park Rangers,Norwich City,Queens Park Rangers,bmmk637l2a33h90zlu36kx8no,735golbxblqkcuft20125a8es
2025-11-29,18,Millwall 3-2 Southampton,Millwall,Southampton,bmmk637l2a33h90zlu36kx8no,72ron4fyrh6ubgla5xn7yplas
2025-11-29,18,Middlesbrough 2-1 Derby County,Middlesbrough,Derby County,bmmk637l2a33h90zlu36kx8no,72dzok4ft8ehpzvg903vx5kwk
2025-11-29,18,Coventry City 3-1 Charlton Athletic,Coventry City,Charlton Athletic,bmmk637l2a33h90zlu36kx8no,71mvot0kbxaaq3sxsk60e51qs
2025-11-29,18,Stoke City 1-2 Hull City,Stoke City,Hull City,bmmk637l2a33h90zlu36kx8no,74odouki0sy1jjdzc2yj3v11w
2025-11-29,18,Portsmouth 0-1 Bristol City,Portsmouth,Bristol City,bmmk637l2a33h90zlu36kx8no,73x0dkme28pqz3ul4dngrxic4
2025-11-29,18,Leicester City 2-3 Sheffield United,Leicester City,Sheffield United,bmmk637l2a33h90zlu36kx8no,720e4jn3fmbc8rvht97atu49g
2025-11-28,18,Oxford United 2-1 Ipswich Town,Oxford United,Ipswich Town,bmmk637l2a33h90zlu36kx8no,73j9t7y7scgfszpiuu2hmd8gk
2025-11-26,17,West Bromwich Albion 1-1 Birmingham City,West Bromwich Albion,Birmingham City,bmmk637l2a33h90zlu36kx8no,70i28kkloog01zuffk3oimbkk
2025-11-26,17,Wrexham 2-0 Bristol City,Wrexham,Bristol City,bmmk637l2a33h90zlu36kx8no,70vidq3xr2ye8c3cxf07a0cno
2025-11-26,17,Blackburn Rovers 0-1 Queens Park Rangers,Blackburn Rovers,Queens Park Rangers,bmmk637l2a33h90zlu36kx8no,6zp4ab2xwtqyptgvt8zzd8etw
2025-11-26,17,Sheffield United 3-0 Portsmouth,Sheffield United,Portsmouth,bmmk637l2a33h90zlu36kx8no,6xsd3qmdzlsyi4cl6ikf6ndhw
2025-11-26,17,Millwall 1-0 Sheffield Wednesday,Millwall,Sheffield Wednesday,bmmk637l2a33h90zlu36kx8no,6xelept5hzlqzl0uo8qvinu38
2025-11-25,17,Southampton 3-0 Leicester City,Southampton,Leicester City,bmmk637l2a33h90zlu36kx8no,6y6h1vvj6368yqr3cqedtqgb8
2025-11-25,17,Norwich City 1-1 Oxford United,Norwich City,Oxford United,bmmk637l2a33h90zlu36kx8no,702r45c2qeeoo6o3iapvyg3ys
2025-11-25,17,Watford 1-1 Preston North End,Watford,Preston North End,bmmk637l2a33h90zlu36kx8no,6zbezgvg5y3nlnwa7qs8wo9hw
2025-11-25,17,Swansea City 1-2 Derby County,Swansea City,Derby County,bmmk637l2a33h90zlu36kx8no,6yxm8sixjuwc3eddyttqw1b10
2025-11-25,17,Stoke City 3-0 Charlton Athletic,Stoke City,Charlton Athletic,bmmk637l2a33h90zlu36kx8no,6yk0w47187cp5b786zffk9ous
2025-11-25,17,Middlesbrough 2-4 Coventry City,Middlesbrough,Coventry City,bmmk637l2a33h90zlu36kx8no,6x0r1bm0vc96od98mlj6jg7pw
2025-11-25,17,Hull City 0-2 Ipswich Town,Hull City,Ipswich Town,bmmk637l2a33h90zlu36kx8no,6wmxgenj18fhfndtessfkf7ys
2025-11-23,16,Sheffield Wednesday 0-3 Sheffield United,Sheffield Wednesday,Sheffield United,bmmk637l2a33h90zlu36kx8no,6w9bv5d41rphaxxkxo87tn8yc
2025-11-22,16,Queens Park Rangers 3-2 Hull City,Queens Park Rangers,Hull City,bmmk637l2a33h90zlu36kx8no,6vukeg4x9veiomr3irzh4ybdg
2025-11-22,16,Portsmouth 3-1 Millwall,Portsmouth,Millwall,bmmk637l2a33h90zlu36kx8no,6uxloo8pgyhfin39l442x0opg
2025-11-22,16,Oxford United 1-1 Middlesbrough,Oxford United,Middlesbrough,bmmk637l2a33h90zlu36kx8no,6u9threp5i9zrf4gyypwl5mhg
2025-11-22,16,Leicester City 2-1 Stoke City,Leicester City,Stoke City,bmmk637l2a33h90zlu36kx8no,6tsuipkty277robl5oqfwww0k
2025-11-22,16,Ipswich Town 0-0 Wrexham,Ipswich Town,Wrexham,bmmk637l2a33h90zlu36kx8no,6tetcn2e3cvah20jtsxt55lp0
2025-11-22,16,Derby County 2-3 Watford,Derby County,Watford,bmmk637l2a33h90zlu36kx8no,6t1cqt3vw5gactia7v1gg7xn8
2025-11-22,16,Birmingham City 4-1 Norwich City,Birmingham City,Norwich City,bmmk637l2a33h90zlu36kx8no,6rgc1jobz6bebq45l3bdkiv4k
2025-11-22,16,Coventry City 3-2 West Bromwich Albion,Coventry City,West Bromwich Albion,bmmk637l2a33h90zlu36kx8no,6snskorp9vlya9bk8bk6g88pg
2025-11-22,16,Charlton Athletic 1-5 Southampton,Charlton Athletic,Southampton,bmmk637l2a33h90zlu36kx8no,6s96tpdnq3matvmkpagdrfehg
2025-11-22,16,Bristol City 3-0 Swansea City,Bristol City,Swansea City,bmmk637l2a33h90zlu36kx8no,6rvlscdcvd8sl1sgcq77ltp90
2025-11-21,16,Preston North End 1-2 Blackburn Rovers,Preston North End,Blackburn Rovers,bmmk637l2a33h90zlu36kx8no,6ve4sqhrgsk8zffi8p7h0lces
2025-11-08,15,Wrexham 1-0 Charlton Athletic,Wrexham,Charlton Athletic,bmmk637l2a33h90zlu36kx8no,6qyxrtp533ehfctm8zd3qnsic
2025-11-08,15,West Bromwich Albion 2-1 Oxford United,West Bromwich Albion,Oxford United,bmmk637l2a33h90zlu36kx8no,6qd3errwaufvf2y1mo25i1kwk
2025-11-08,15,Swansea City 1-4 Ipswich Town,Swansea City,Ipswich Town,bmmk637l2a33h90zlu36kx8no,6p8o655tuzwwiup6h3chyi9ec
2025-11-08,15,Stoke City 0-1 Coventry City,Stoke City,Coventry City,bmmk637l2a33h90zlu36kx8no,6opxxhyqygvul3qfy5kqo4y6s
2025-11-08,15,Southampton 3-1 Sheffield Wednesday,Southampton,Sheffield Wednesday,bmmk637l2a33h90zlu36kx8no,6oceg5idxzod7psbhhx8486c4
2025-11-08,15,Sheffield United 0-0 Queens Park Rangers,Sheffield United,Queens Park Rangers,bmmk637l2a33h90zlu36kx8no,6nyt86lftixj2rkmer5qjs8pg
2025-11-08,15,Norwich City 1-2 Leicester City,Norwich City,Leicester City,bmmk637l2a33h90zlu36kx8no,6nl7r0qss8wbgpflxpj7spmhg
2025-11-08,15,Middlesbrough 2-1 Birmingham City,Middlesbrough,Birmingham City,bmmk637l2a33h90zlu36kx8no,6mtucixqtr84yajfpiwxt5gyc
2025-11-08,15,Millwall 1-1 Preston North End,Millwall,Preston North End,bmmk637l2a33h90zlu36kx8no,6n7mj4e0zbdzj9paszjtkx9g4
2025-11-08,15,Hull City 3-2 Portsmouth,Hull City,Portsmouth,bmmk637l2a33h90zlu36kx8no,6mesa9mop04p6ds3lu7r1qk9g
2025-11-08,15,Blackburn Rovers 1-2 Derby County,Blackburn Rovers,Derby County,bmmk637l2a33h90zlu36kx8no,6m18iqe6a8brep58ikrwe13is
2025-11-07,15,Watford 1-1 Bristol City,Watford,Bristol City,bmmk637l2a33h90zlu36kx8no,6pumi2kf9tc8sbt2da9sugq38
2025-11-05,14,Portsmouth 0-0 Wrexham,Portsmouth,Wrexham,bmmk637l2a33h90zlu36kx8no,6kicuf3m24yweo9lcxvimtt04
2025-11-05,14,Sheffield Wednesday 1-1 Norwich City,Sheffield Wednesday,Norwich City,bmmk637l2a33h90zlu36kx8no,6lnp9f9nh4tfmbrvudawk3yms
2025-11-05,14,Queens Park Rangers 1-2 Southampton,Queens Park Rangers,Southampton,bmmk637l2a33h90zlu36kx8no,6l9yx99cknbzyvptf5iz3wfmc
2025-11-05,14,Preston North End 2-1 Swansea City,Preston North End,Swansea City,bmmk637l2a33h90zlu36kx8no,6kvvwk9g35f9o2h62gq4ss26s
2025-11-04,14,Coventry City 3-1 Sheffield United,Coventry City,Sheffield United,bmmk637l2a33h90zlu36kx8no,6ik6pvr9ebptja1o2x40o8oic
2025-11-04,14,Oxford United 0-3 Stoke City,Oxford United,Stoke City,bmmk637l2a33h90zlu36kx8no,6k4mfk8019pnuyxpckkqdugwk
2025-11-04,14,Leicester City 1-1 Middlesbrough,Leicester City,Middlesbrough,bmmk637l2a33h90zlu36kx8no,6jp8cgjt0fvcxnts0mpmtk74k
2025-11-04,14,Ipswich Town 1-1 Watford,Ipswich Town,Watford,bmmk637l2a33h90zlu36kx8no,6jbm4h7anr5r4f2a3kto9kys4
2025-11-04,14,Derby County 2-1 Hull City,Derby County,Hull City,bmmk637l2a33h90zlu36kx8no,6ixvkj94q6icni770nq8ds8b8
2025-11-04,14,Charlton Athletic 1-0 West Bromwich Albion,Charlton Athletic,West Bromwich Albion,bmmk637l2a33h90zlu36kx8no,6i5nnsj2c5xweoc2cr4dvgs9g
2025-11-04,14,Bristol City 0-1 Blackburn Rovers,Bristol City,Blackburn Rovers,bmmk637l2a33h90zlu36kx8no,6hrolil1x82biuq5smxmphes4
2025-11-04,14,Birmingham City 4-0 Millwall,Birmingham City,Millwall,bmmk637l2a33h90zlu36kx8no,6he1ekkkkg4em51bq3fklmkgk
2025-11-01,13,Watford 3-0 Middlesbrough,Watford,Middlesbrough,bmmk637l2a33h90zlu36kx8no,6g3p57lnpim0cc135xagtpuz8
2025-11-01,13,Stoke City 5-1 Bristol City,Stoke City,Bristol City,bmmk637l2a33h90zlu36kx8no,6fq41zt3zxhn5j3g2yoj91bmc
2025-11-01,13,Southampton 0-2 Preston North End,Southampton,Preston North End,bmmk637l2a33h90zlu36kx8no,6fcivxt7zxir4tdrcyx7w7v9w
2025-11-01,13,Sheffield United 1-3 Derby County,Sheffield United,Derby County,bmmk637l2a33h90zlu36kx8no,6eysclmjsednfrmgt8gkhzhuc
2025-11-01,13,Queens Park Rangers 1-4 Ipswich Town,Queens Park Rangers,Ipswich Town,bmmk637l2a33h90zlu36kx8no,6ejb29u96z68w3jkcccb6wlck
2025-11-01,13,Oxford United 2-2 Millwall,Oxford United,Millwall,bmmk637l2a33h90zlu36kx8no,6e5i5677myakj4e0e4w2f4aok
2025-11-01,13,Charlton Athletic 1-1 Swansea City,Charlton Athletic,Swansea City,bmmk637l2a33h90zlu36kx8no,6cyzdndl0bjz80p1zwfgwpxjo
2025-11-01,13,Birmingham City 4-0 Portsmouth,Birmingham City,Portsmouth,bmmk637l2a33h90zlu36kx8no,6cg40imrio8lf3ey6kgk1wrv8
2025-11-01,13,West Bromwich Albion 0-0 Sheffield Wednesday,West Bromwich Albion,Sheffield Wednesday,bmmk637l2a33h90zlu36kx8no,6gkrtq2z55jwz05cuvmmmnhg4
2025-11-01,13,Norwich City 0-2 Hull City,Norwich City,Hull City,bmmk637l2a33h90zlu36kx8no,6drsml49hshu6mpmy3oix8rh0
2025-11-01,13,Leicester City 0-2 Blackburn Rovers,Leicester City,Blackburn Rovers,bmmk637l2a33h90zlu36kx8no,6de7akgzmtvvo1ib5yi2lj6s4
2025-10-31,13,Wrexham 3-2 Coventry City,Wrexham,Coventry City,bmmk637l2a33h90zlu36kx8no,6h0asdr70kxd1xf37nouv5clw
2025-10-25,12,Swansea City 2-1 Norwich City,Swansea City,Norwich City,bmmk637l2a33h90zlu36kx8no,6c2fff3589ioc654j2o6kbqc4
2025-10-25,12,Sheffield Wednesday 1-2 Oxford United,Sheffield Wednesday,Oxford United,bmmk637l2a33h90zlu36kx8no,6bopiw5sadet31stusie642z8
2025-10-25,12,Millwall 1-0 Leicester City,Millwall,Leicester City,bmmk637l2a33h90zlu36kx8no,6ajwlren7240yx29wg1eggems
2025-10-25,12,Middlesbrough 1-1 Wrexham,Middlesbrough,Wrexham,bmmk637l2a33h90zlu36kx8no,6a67hh6nz9eo3907klqww8t90
2025-10-25,12,Hull City 1-1 Charlton Athletic,Hull City,Charlton Athletic,bmmk637l2a33h90zlu36kx8no,69czgjmffvr5iwtlu3fts19g4
2025-10-25,12,Derby County 1-0 Queens Park Rangers,Derby County,Queens Park Rangers,bmmk637l2a33h90zlu36kx8no,68zfw7udhx84wl4nud2qqoff8
2025-10-25,12,Bristol City 1-0 Birmingham City,Bristol City,Birmingham City,bmmk637l2a33h90zlu36kx8no,687jbuhd97iuhwxf5f4ftxlw4
2025-10-25,12,Blackburn Rovers 2-1 Southampton,Blackburn Rovers,Southampton,bmmk637l2a33h90zlu36kx8no,67tx62pzd1qmo7odovhpgb2ms
2025-10-25,12,Portsmouth 0-1 Stoke City,Portsmouth,Stoke City,bmmk637l2a33h90zlu36kx8no,6axib3x5lqx43naa7tgywvrpw
2025-10-25,12,Ipswich Town 1-0 West Bromwich Albion,Ipswich Town,West Bromwich Albion,bmmk637l2a33h90zlu36kx8no,69sjvipghs0bmkv6xnivc6b6c
2025-10-25,12,Coventry City 3-1 Watford,Coventry City,Watford,bmmk637l2a33h90zlu36kx8no,68l9c0f1l9vxfgzdch7npncwk
2025-10-24,12,Preston North End 3-2 Sheffield United,Preston North End,Sheffield United,bmmk637l2a33h90zlu36kx8no,6bb5jty0yvro871swwhct3wus
2025-10-22,11,Sheffield Wednesday 0-1 Middlesbrough,Sheffield Wednesday,Middlesbrough,bmmk637l2a33h90zlu36kx8no,66as2n2my98f1lece1r3d2fx0
2025-10-22,11,Wrexham 1-0 Oxford United,Wrexham,Oxford United,bmmk637l2a33h90zlu36kx8no,67g9r0lsye9cgcdxq0yozr21g
2025-10-22,11,Watford 2-1 West Bromwich Albion,Watford,West Bromwich Albion,bmmk637l2a33h90zlu36kx8no,672dln32lna3w6mxy1qx1ifx0
2025-10-22,11,Swansea City 0-1 Queens Park Rangers,Swansea City,Queens Park Rangers,bmmk637l2a33h90zlu36kx8no,66of1dzvvp71edxaalbf7glxw
2025-10-21,11,Bristol City 3-1 Southampton,Bristol City,Southampton,bmmk637l2a33h90zlu36kx8no,63iuu58st6cnkrjovgmjpby1g
2025-10-21,11,Preston North End 0-1 Birmingham City,Preston North End,Birmingham City,bmmk637l2a33h90zlu36kx8no,65x92tz8fydbmw1njkiv8m4us
2025-10-21,11,Portsmouth 1-2 Coventry City,Portsmouth,Coventry City,bmmk637l2a33h90zlu36kx8no,65h67up45ga11yvnhmynvgqok
2025-10-21,11,Millwall 2-0 Stoke City,Millwall,Stoke City,bmmk637l2a33h90zlu36kx8no,6537lmzf3clcaxce6r09lcpp0
2025-10-21,11,Ipswich Town 0-3 Charlton Athletic,Ipswich Town,Charlton Athletic,bmmk637l2a33h90zlu36kx8no,64pmurn0hxkfubqwqdutsbvv8
2025-10-21,11,Hull City 2-1 Leicester City,Hull City,Leicester City,bmmk637l2a33h90zlu36kx8no,64aey8ew3wfm101u3m0e92b6c
2025-10-21,11,Derby County 1-0 Norwich City,Derby County,Norwich City,bmmk637l2a33h90zlu36kx8no,63wnevsno5bqnnqqpkf9van10
2025-10-21,11,Blackburn Rovers 1-3 Sheffield United,Blackburn Rovers,Sheffield United,bmmk637l2a33h90zlu36kx8no,6353g9keilu0rbvz39293xct0
2025-10-18,10,Leicester City 1-1 Portsmouth,Leicester City,Portsmouth,bmmk637l2a33h90zlu36kx8no,5zpzzx3m5tkucmi0ks2o51l3o
2025-10-18,10,West Bromwich Albion 2-1 Preston North End,West Bromwich Albion,Preston North End,bmmk637l2a33h90zlu36kx8no,62r3lk37it98y0pgzyxa672fo
2025-10-18,10,Stoke City 1-0 Wrexham,Stoke City,Wrexham,bmmk637l2a33h90zlu36kx8no,62dgysljkwlur8kau2un24s9g
2025-10-18,10,Sheffield United 1-0 Watford,Sheffield United,Watford,bmmk637l2a33h90zlu36kx8no,61m7vhv99b315q2sv11udcqhg
2025-10-18,10,Norwich City 0-1 Bristol City,Norwich City,Bristol City,bmmk637l2a33h90zlu36kx8no,60hidi2qvs6mdtjkfjnd9c2s4
2025-10-18,10,Coventry City 2-0 Blackburn Rovers,Coventry City,Blackburn Rovers,bmmk637l2a33h90zlu36kx8no,5zat2amc188xz4v8mz99n5xxw
2025-10-18,10,Charlton Athletic 2-1 Sheffield Wednesday,Charlton Athletic,Sheffield Wednesday,bmmk637l2a33h90zlu36kx8no,5yx6bmy21teuuzs3zegj193bo
2025-10-18,10,Birmingham City 2-3 Hull City,Birmingham City,Hull City,bmmk637l2a33h90zlu36kx8no,5yjqjqps7lv33a2h2r111xa1g
2025-10-18,10,Southampton 0-0 Swansea City,Southampton,Swansea City,bmmk637l2a33h90zlu36kx8no,61zu3xn86087t6fv9dy2fj7ys
2025-10-18,10,Queens Park Rangers 1-2 Millwall,Queens Park Rangers,Millwall,bmmk637l2a33h90zlu36kx8no,618ij7t7iuwhbf83vl181j95g
2025-10-18,10,Oxford United 1-0 Derby County,Oxford United,Derby County,bmmk637l2a33h90zlu36kx8no,60uzs3383qv3dcsobr0csyqdw
2025-10-17,10,Middlesbrough 2-1 Ipswich Town,Middlesbrough,Ipswich Town,bmmk637l2a33h90zlu36kx8no,603nr89199i90ohfkv0pwdvro
2025-10-05,9,Ipswich Town 3-1 Norwich City,Ipswich Town,Norwich City,bmmk637l2a33h90zlu36kx8no,5vbbld0r463cedmd4vcrsk6j8
2025-10-04,9,Watford 2-1 Oxford United,Watford,Oxford United,bmmk637l2a33h90zlu36kx8no,5xqsa0ct9ubhlkb7tg3bgydqs
2025-10-04,9,Swansea City 1-3 Leicester City,Swansea City,Leicester City,bmmk637l2a33h90zlu36kx8no,5x9pshv3vdjp0c85jsjzigmxg
2025-10-04,9,Preston North End 2-0 Charlton Athletic,Preston North End,Charlton Athletic,bmmk637l2a33h90zlu36kx8no,5wgrefbfe0l8sb09n60lhjuhg
2025-10-04,9,Portsmouth 1-0 Middlesbrough,Portsmouth,Middlesbrough,bmmk637l2a33h90zlu36kx8no,5w2uz34fnhxhhn3lebhg1l6ok
2025-10-04,9,Millwall 3-0 West Bromwich Albion,Millwall,West Bromwich Albion,bmmk637l2a33h90zlu36kx8no,5vp8lo46be8w88xeufypdknpw
2025-10-04,9,Derby County 1-1 Southampton,Derby County,Southampton,bmmk637l2a33h90zlu36kx8no,5ujk4in44uzk1g7rh12d7ezh0
2025-10-04,9,Bristol City 1-2 Queens Park Rangers,Bristol City,Queens Park Rangers,bmmk637l2a33h90zlu36kx8no,5u1g3g947bc3es0nhg9wa67mc
2025-10-04,9,Sheffield Wednesday 0-5 Coventry City,Sheffield Wednesday,Coventry City,bmmk637l2a33h90zlu36kx8no,5wugk14c25ro1ljg48t5bxhjo
2025-10-04,9,Hull City 1-0 Sheffield United,Hull City,Sheffield United,bmmk637l2a33h90zlu36kx8no,5uxaun4veyl95ek3lzzke4is4
2025-10-04,9,Blackburn Rovers 1-1 Stoke City,Blackburn Rovers,Stoke City,bmmk637l2a33h90zlu36kx8no,5tnk9jlp0h7f05ndcgw4ril1w
2025-10-03,9,Wrexham 1-1 Birmingham City,Wrexham,Birmingham City,bmmk637l2a33h90zlu36kx8no,5y5odwy2s0hvdafxvgwlaz5sk
2025-10-01,8,Queens Park Rangers 0-0 Oxford United,Queens Park Rangers,Oxford United,bmmk637l2a33h90zlu36kx8no,5t8u4v3dk6laank95viwwwowk
2025-10-01,8,Portsmouth 2-2 Watford,Portsmouth,Watford,bmmk637l2a33h90zlu36kx8no,5sv1g1qsbwqj8zobt6zilej9w
2025-10-01,8,Norwich City 0-1 West Bromwich Albion,Norwich City,West Bromwich Albion,bmmk637l2a33h90zlu36kx8no,5shejienuzpavqnud5oexd2c4
2025-10-01,8,Millwall 0-4 Coventry City,Millwall,Coventry City,bmmk637l2a33h90zlu36kx8no,5s3wr9kslh20b04wuyf7lym8k
2025-09-30,8,Derby County 1-1 Charlton Athletic,Derby County,Charlton Athletic,bmmk637l2a33h90zlu36kx8no,5q6i9xaqmvy09pl3t2yq3ewb8
2025-09-30,8,Sheffield United 1-2 Southampton,Sheffield United,Southampton,bmmk637l2a33h90zlu36kx8no,5rq8qsk380urqyxf9qxu29gk4
2025-09-30,8,Middlesbrough 0-0 Stoke City,Middlesbrough,Stoke City,bmmk637l2a33h90zlu36kx8no,5rchznsieiqkokqrksyne9zis
2025-09-30,8,Leicester City 1-1 Wrexham,Leicester City,Wrexham,bmmk637l2a33h90zlu36kx8no,5qxoj9v16yvh7d99pw6enmfbo
2025-09-30,8,Hull City 2-2 Preston North End,Hull City,Preston North End,bmmk637l2a33h90zlu36kx8no,5qk8d54a7yv4npv9h8jlt8a38
2025-09-30,8,Bristol City 1-1 Ipswich Town,Bristol City,Ipswich Town,bmmk637l2a33h90zlu36kx8no,5psp6cveg760fn0r0qkcm3ifo
2025-09-30,8,Blackburn Rovers 1-2 Swansea City,Blackburn Rovers,Swansea City,bmmk637l2a33h90zlu36kx8no,5peysql6i7xx0slovwuuqipzo
2025-09-30,8,Birmingham City 2-2 Sheffield Wednesday,Birmingham City,Sheffield Wednesday,bmmk637l2a33h90zlu36kx8no,5ozj5p4whmrsy6mlrx8j79250
2025-09-27,7,Watford 2-1 Hull City,Watford,Hull City,bmmk637l2a33h90zlu36kx8no,5nuc5xkh3d3e5hg2ltz1he1w4
2025-09-27,7,Stoke City 1-1 Norwich City,Stoke City,Norwich City,bmmk637l2a33h90zlu36kx8no,5n2lcp1fyhttkdumjcp7bksus
2025-09-27,7,Southampton 1-1 Middlesbrough,Southampton,Middlesbrough,bmmk637l2a33h90zlu36kx8no,5moqtebqqhv9xjzv1wps60pas
2025-09-27,7,Sheffield Wednesday 1-1 Queens Park Rangers,Sheffield Wednesday,Queens Park Rangers,bmmk637l2a33h90zlu36kx8no,5mb1azuwx4rimh2emritbu2ac
2025-09-27,7,Preston North End 0-0 Bristol City,Preston North End,Bristol City,bmmk637l2a33h90zlu36kx8no,5lxidt2n7ofpwii5ff1cnhzpw
2025-09-27,7,Oxford United 0-1 Sheffield United,Oxford United,Sheffield United,bmmk637l2a33h90zlu36kx8no,5ljc2o3p5nq01cxqxao4xycr8
2025-09-27,7,Ipswich Town 2-1 Portsmouth,Ipswich Town,Portsmouth,bmmk637l2a33h90zlu36kx8no,5l5i1gszy6sh02gmaj82gzdas
2025-09-27,7,Charlton Athletic 3-0 Blackburn Rovers,Charlton Athletic,Blackburn Rovers,bmmk637l2a33h90zlu36kx8no,5kdumpcajgdvt2k7ldqjmp4pg
2025-09-27,7,Wrexham 1-1 Derby County,Wrexham,Derby County,bmmk637l2a33h90zlu36kx8no,5olu3b6xtf19mvg7bbr70i1w4
2025-09-27,7,Swansea City 1-1 Millwall,Swansea City,Millwall,bmmk637l2a33h90zlu36kx8no,5ngj8le6gw3d3gok67x5jf6l0
2025-09-27,7,Coventry City 3-0 Birmingham City,Coventry City,Birmingham City,bmmk637l2a33h90zlu36kx8no,5krrgubhg2sk15gwkknegwqhg
2025-09-26,7,West Bromwich Albion 1-1 Leicester City,West Bromwich Albion,Leicester City,bmmk637l2a33h90zlu36kx8no,5o85tfrp3ifuhteonl4ui9gk4
2025-09-22,6,Millwall 1-0 Watford,Millwall,Watford,bmmk637l2a33h90zlu36kx8no,5iavyz0cfqa3lsf12no4q7vo4
2025-09-21,6,Bristol City 1-3 Oxford United,Bristol City,Oxford United,bmmk637l2a33h90zlu36kx8no,5fvc4mlylg9q9s512lgfd3uhg
2025-09-20,6,Sheffield United 0-1 Charlton Athletic,Sheffield United,Charlton Athletic,bmmk637l2a33h90zlu36kx8no,5jyfqivnj044k0zr28u1uptzo
2025-09-20,6,Portsmouth 0-2 Sheffield Wednesday,Portsmouth,Sheffield Wednesday,bmmk637l2a33h90zlu36kx8no,5j75vx5mp6gsbzkycpfugk3dg
2025-09-20,6,Norwich City 2-3 Wrexham,Norwich City,Wrexham,bmmk637l2a33h90zlu36kx8no,5itcyf09bskwsfovdpkep280k
2025-09-20,6,Hull City 3-1 Southampton,Hull City,Southampton,bmmk637l2a33h90zlu36kx8no,5gvmgejtr07llwghsstwh83ro
2025-09-20,6,Derby County 0-1 Preston North End,Derby County,Preston North End,bmmk637l2a33h90zlu36kx8no,5gcd1g0dl4izhk7gtawvlmrkk
2025-09-20,6,Queens Park Rangers 1-0 Stoke City,Queens Park Rangers,Stoke City,bmmk637l2a33h90zlu36kx8no,5jkwq4nsvjjuxc5m63622v21g
2025-09-20,6,Leicester City 0-0 Coventry City,Leicester City,Coventry City,bmmk637l2a33h90zlu36kx8no,5hc8ywdfs8xfuepmov97xy0wk
2025-09-20,6,Birmingham City 1-0 Swansea City,Birmingham City,Swansea City,bmmk637l2a33h90zlu36kx8no,5f3zr0tatft80br3obl3p5pn8
2025-09-19,6,Middlesbrough 2-1 West Bromwich Albion,Middlesbrough,West Bromwich Albion,bmmk637l2a33h90zlu36kx8no,5hrj2brb2qwbnznmv6px5iuxg
2025-09-14,5,Southampton 0-0 Portsmouth,Southampton,Portsmouth,bmmk637l2a33h90zlu36kx8no,5crx0rh75wfzlxrzl093huc5w
2025-09-13,5,Wrexham 1-3 Queens Park Rangers,Wrexham,Queens Park Rangers,bmmk637l2a33h90zlu36kx8no,5eqjet5jg93mma2h4t8cas5qs
2025-09-13,5,West Bromwich Albion 0-1 Derby County,West Bromwich Albion,Derby County,bmmk637l2a33h90zlu36kx8no,5eart4hvy6wmck6cxeknkvwgk
2025-09-13,5,Watford 0-1 Blackburn Rovers,Watford,Blackburn Rovers,bmmk637l2a33h90zlu36kx8no,5dx0z6doy4cqirdg8rpg8zdas
2025-09-13,5,Swansea City 2-2 Hull City,Swansea City,Hull City,bmmk637l2a33h90zlu36kx8no,5djhil0utpq9uw1cd6b9602dw
2025-09-13,5,Stoke City 1-0 Birmingham City,Stoke City,Birmingham City,bmmk637l2a33h90zlu36kx8no,5d5spa6bl0fcpf26duit4wduc
2025-09-13,5,Sheffield Wednesday 0-3 Bristol City,Sheffield Wednesday,Bristol City,bmmk637l2a33h90zlu36kx8no,5ce8md94klqqp5ix920hvyyhg
2025-09-13,5,Coventry City 1-1 Norwich City,Coventry City,Norwich City,bmmk637l2a33h90zlu36kx8no,5avqk3c7w4atoke7grtk46uxg
2025-09-13,5,Preston North End 2-2 Middlesbrough,Preston North End,Middlesbrough,bmmk637l2a33h90zlu36kx8no,5c0hwwfzr72q0p5f3sb5pbgno
2025-09-13,5,Oxford United 2-2 Leicester City,Oxford United,Leicester City,bmmk637l2a33h90zlu36kx8no,5bmzgl4dk9jxbaobd2ys6buok
2025-09-13,5,Charlton Athletic 1-1 Millwall,Charlton Athletic,Millwall,bmmk637l2a33h90zlu36kx8no,5ai446ptcbcj47bgu4zk59b84
2025-09-12,5,Ipswich Town 5-0 Sheffield United,Ipswich Town,Sheffield United,bmmk637l2a33h90zlu36kx8no,5b9ewsr4dh524woblpiy4iej8
2025-08-30,4,Watford 2-2 Southampton,Watford,Southampton,bmmk637l2a33h90zlu36kx8no,5a4k4eomaiqmnl74a738znggk
2025-08-30,4,Sheffield Wednesday 0-2 Swansea City,Sheffield Wednesday,Swansea City,bmmk637l2a33h90zlu36kx8no,59c2lbpy72jhljws1wfpyu42c
2025-08-30,4,Portsmouth 1-0 Preston North End,Portsmouth,Preston North End,bmmk637l2a33h90zlu36kx8no,58kzye4x54itczv8pi5ez9t04
2025-08-30,4,Oxford United 2-2 Coventry City,Oxford United,Coventry City,bmmk637l2a33h90zlu36kx8no,587jghffm8b1r906efav6giz8
2025-08-30,4,Millwall 0-2 Wrexham,Millwall,Wrexham,bmmk637l2a33h90zlu36kx8no,57u2g42pf7obh59n6vvtdocgk
2025-08-30,4,Ipswich Town 2-2 Derby County,Ipswich Town,Derby County,bmmk637l2a33h90zlu36kx8no,56o7cep43jctrq3byxkvxc5xw
2025-08-30,4,Bristol City 4-2 Hull City,Bristol City,Hull City,bmmk637l2a33h90zlu36kx8no,56aocpvc4gjwpjjmd5nhdz578
2025-08-30,4,Blackburn Rovers 0-2 Norwich City,Blackburn Rovers,Norwich City,bmmk637l2a33h90zlu36kx8no,55xa2f518c4yptat7oah22t5g
2025-08-30,4,Stoke City 0-1 West Bromwich Albion,Stoke City,West Bromwich Albion,bmmk637l2a33h90zlu36kx8no,59r41sok6gxbfupsbm321o4k4
2025-08-30,4,Queens Park Rangers 3-1 Charlton Athletic,Queens Park Rangers,Charlton Athletic,bmmk637l2a33h90zlu36kx8no,58yk5kvqkewqk9arvdc3932tw
2025-08-30,4,Middlesbrough 1-0 Sheffield United,Middlesbrough,Sheffield United,bmmk637l2a33h90zlu36kx8no,57gr7ujopodjvaqj6rt64rvv8
2025-08-29,4,Leicester City 2-0 Birmingham City,Leicester City,Birmingham City,bmmk637l2a33h90zlu36kx8no,572sm7qr9rsbtm59rq8780d1w
2025-08-23,3,Wrexham 2-2 Sheffield Wednesday,Wrexham,Sheffield Wednesday,bmmk637l2a33h90zlu36kx8no,55jsex07brwq1yz1dl256btw4
2025-08-23,3,West Bromwich Albion 1-1 Portsmouth,West Bromwich Albion,Portsmouth,bmmk637l2a33h90zlu36kx8no,556eriqflpkn9k8yj2z419ono
2025-08-23,3,Southampton 1-2 Stoke City,Southampton,Stoke City,bmmk637l2a33h90zlu36kx8no,54dpbazx135ri8oolvucrg4k4
2025-08-23,3,Sheffield United 0-1 Millwall,Sheffield United,Millwall,bmmk637l2a33h90zlu36kx8no,5409ziperemk0bda955xwfdhw
2025-08-23,3,Preston North End 1-0 Ipswich Town,Preston North End,Ipswich Town,bmmk637l2a33h90zlu36kx8no,53mrglppcidl61q3ct9trhf6c
2025-08-23,3,Norwich City 1-2 Middlesbrough,Norwich City,Middlesbrough,bmmk637l2a33h90zlu36kx8no,539de76w0p6scb3a3qj5g9kwk
2025-08-23,3,Coventry City 7-1 Queens Park Rangers,Coventry City,Queens Park Rangers,bmmk637l2a33h90zlu36kx8no,525fllmfr05fcsnq18k8ej3f8
2025-08-23,3,Birmingham City 1-0 Oxford United,Birmingham City,Oxford United,bmmk637l2a33h90zlu36kx8no,51enj94joa0zf5leso2foqm1g
2025-08-23,3,Swansea City 1-1 Watford,Swansea City,Watford,bmmk637l2a33h90zlu36kx8no,54swrnaqh4u3t0f8f20x9n504
2025-08-23,3,Hull City 0-3 Blackburn Rovers,Hull City,Blackburn Rovers,bmmk637l2a33h90zlu36kx8no,52w4hsev25gcsrzvb6i9nciz8
2025-08-23,3,Charlton Athletic 0-1 Leicester City,Charlton Athletic,Leicester City,bmmk637l2a33h90zlu36kx8no,51s38xk0j01nop952z6d7nris
2025-08-22,3,Derby County 1-1 Bristol City,Derby County,Bristol City,bmmk637l2a33h90zlu36kx8no,52istgv7iqkekrxk7o9lsmolw
2025-08-17,2,Hull City 3-2 Oxford United,Hull City,Oxford United,bmmk637l2a33h90zlu36kx8no,4xyxgdirheyvboe4ss0zp2adw
2025-08-17,2,Ipswich Town 1-1 Southampton,Ipswich Town,Southampton,bmmk637l2a33h90zlu36kx8no,4ycko8tj04zcy2d05lo9dfkes
2025-08-16,2,Watford 2-1 Queens Park Rangers,Watford,Queens Park Rangers,bmmk637l2a33h90zlu36kx8no,50n6xfshptcd0d32u65jhiec4
2025-08-16,2,Swansea City 1-0 Sheffield United,Swansea City,Sheffield United,bmmk637l2a33h90zlu36kx8no,509rceuubmp3wbirsg3d7f8yc
2025-08-16,2,Sheffield Wednesday 0-3 Stoke City,Sheffield Wednesday,Stoke City,bmmk637l2a33h90zlu36kx8no,4zw9tx8e08miy68t2vvllu3h0
2025-08-16,2,Preston North End 2-1 Leicester City,Preston North End,Leicester City,bmmk637l2a33h90zlu36kx8no,4ziu2ddmps1v6rv7ko7vto7pw
2025-08-16,2,Millwall 0-3 Middlesbrough,Millwall,Middlesbrough,bmmk637l2a33h90zlu36kx8no,4yq8rplaczpjsae7ljzvyopp0
2025-08-16,2,Bristol City 0-0 Charlton Athletic,Bristol City,Charlton Athletic,bmmk637l2a33h90zlu36kx8no,4x83zih6cfa6nmsg3ba2k7s44
2025-08-16,2,Blackburn Rovers 1-2 Birmingham City,Blackburn Rovers,Birmingham City,bmmk637l2a33h90zlu36kx8no,4wuo4wb6r0y2ej3qsc00duc5w
2025-08-16,2,Wrexham 2-3 West Bromwich Albion,Wrexham,West Bromwich Albion,bmmk637l2a33h90zlu36kx8no,51181uzj5b18gx7b3vvcm3llg
2025-08-16,2,Portsmouth 1-2 Norwich City,Portsmouth,Norwich City,bmmk637l2a33h90zlu36kx8no,4z3jideurs14qkdy7axhpj3mc
2025-08-16,2,Derby County 3-5 Coventry City,Derby County,Coventry City,bmmk637l2a33h90zlu36kx8no,4xlg2gtyb117biq7ds2vznkes
2025-08-10,1,Leicester City 2-1 Sheffield Wednesday,Leicester City,Sheffield Wednesday,bmmk637l2a33h90zlu36kx8no,4whechju4zhqgl7gvuvkobuac
2025-08-09,1,Sheffield United 1-4 Bristol City,Sheffield United,Bristol City,bmmk637l2a33h90zlu36kx8no,4una4jwh477xhvtdo7qk4l638
2025-08-09,1,West Bromwich Albion 1-0 Blackburn Rovers,West Bromwich Albion,Blackburn Rovers,bmmk637l2a33h90zlu36kx8no,4w0u3c81259efjv4n2zqiiexg
2025-08-09,1,Stoke City 3-1 Derby County,Stoke City,Derby County,bmmk637l2a33h90zlu36kx8no,4vk9p2bwdvexux7g6wuurhu6s
2025-08-09,1,Queens Park Rangers 1-1 Preston North End,Queens Park Rangers,Preston North End,bmmk637l2a33h90zlu36kx8no,4u5cnc4c5hnegbq7mcp54n5zo
2025-08-09,1,Oxford United 0-1 Portsmouth,Oxford United,Portsmouth,bmmk637l2a33h90zlu36kx8no,4touqkyir3uwkkzfc4s3trwgk
2025-08-09,1,Norwich City 1-2 Millwall,Norwich City,Millwall,bmmk637l2a33h90zlu36kx8no,4t886ggjvjb51w5tvegzk1ses
2025-08-09,1,Middlesbrough 1-0 Swansea City,Middlesbrough,Swansea City,bmmk637l2a33h90zlu36kx8no,4srnm67l4lzxudox2ee8lpdlg
2025-08-09,1,Southampton 2-1 Wrexham,Southampton,Wrexham,bmmk637l2a33h90zlu36kx8no,4v3u8k8ljompy2rhdx8o53ims
2025-08-09,1,Coventry City 0-0 Hull City,Coventry City,Hull City,bmmk637l2a33h90zlu36kx8no,4sb7zqyo46sm21jgc3taysopg
2025-08-09,1,Charlton Athletic 1-0 Watford,Charlton Athletic,Watford,bmmk637l2a33h90zlu36kx8no,4rupkixxipzfzbdqzl9fdwjys
2025-08-08,1,Birmingham City 1-1 Ipswich Town,Birmingham City,Ipswich Town,bmmk637l2a33h90zlu36kx8no,4raqko4xd5nh1w0lp99baaplg
